num_agents,skill_type,network,cooperation_proportion
400,S++,1,0
400,S++,1,0.33942632170978626
400,S++,1,0.4634385895987821
400,S++,1,0.36914321541392364
400,S++,1,0.4050336977201638
400,S++,1,0.42968979763321896
400,S++,1,0.39230639825043456
400,S++,1,0.36962964044320523
400,S++,1,0.38319960036217177
400,S++,1,0.3759383310330898
400,S++,1,0.40044830484729615
400,S++,1,0.3738523078198512
400,S++,1,0.34900864260294867
400,S++,1,0.33392535392535394
400,S++,1,0.4085156339480014
400,S++,1,0.3447806545546623
400,S++,1,0.32105281433383104
400,S++,1,0.41637024001198186
400,S++,1,0.42181591522958656
400,S++,1,0.35445259415920444
400,S++,1,0.4288514308114465
400,S++,1,0.4376062022090059
400,S++,1,0.38038590699527575
400,S++,1,0.3669322951517732
400,S++,1,0.2619830978646539
400,S++,1,0.36869367771233946
400,S++,1,0.44734789391575663
400,S++,1,0.30529363110008273
400,S++,1,0.39559646273235877
400,S++,1,0.4797602672430733
400,S,1,0
400,S,1,0.1964550853749072
400,S,1,0.2084087500646429
400,S,1,0.19195046439628483
400,S,1,0.18010618050686167
400,S,1,0.19110536376925671
400,S,1,0.21397606764115792
400,S,1,0.24512806769018722
400,S,1,0.22243362831858407
400,S,1,0.19944058097462086
400,S,1,0.17668273066734752
400,S,1,0.21995959595959597
400,S,1,0.17657192075796727
400,S,1,0.2510626628273687
400,S,1,0.21373056994818654
400,S,1,0.11419269263234053
400,S,1,0.23285322359396435
400,S,1,0.29584527220630374
400,S,1,0.21525964606904555
400,S,1,0.2126727334007415
400,S,1,0.18946850393700787
400,S,1,0.23943661971830985
400,S,1,0.1671361502347418
400,S,1,0
400,S,1,0.22446043165467625
400,S,1,0.033126293995859216
400,S,1,0
400,S,1,0
400,S,1,0
400,S,1,0
400,br2,1,0
400,br2,1,0.25262163438828533
400,br2,1,0.23639658296660626
400,br2,1,0.29400052226139184
400,br2,1,0.24511196524064172
400,br2,1,0.28124381065557535
400,br2,1,0.27870715232624205
400,br2,1,0.24581269964676256
400,br2,1,0.2870244050325906
400,br2,1,0.22902257311242077
400,br2,1,0.28494842011209487
400,br2,1,0.30547286466681933
400,br2,1,0.22029154518950436
400,br2,1,0.1934365501519757
400,br2,1,0.23962264150943396
400,br2,1,0.1899190640275663
400,br2,1,0.14215833083757612
400,br2,1,0.34281612945321677
400,br2,1,0.21040723981900453
400,br2,1,0.06068099676621647
400,br2,1,0.12848420493761614
400,br2,1,0.21910317170980678
400,br2,1,0.5821042281219272
400,br2,1,0.5649202733485194
400,br2,1,0.4772861356932153
400,br2,1,0
400,br2,1,0.3320039880358923
400,br2,1,0.35175879396984927
400,br2,1,0.7356475300400535
400,br2,1,0.38896746817538896
400,manipulator-gf,1,1
400,manipulator-gf,1,1
400,manipulator-gf,1,1
400,manipulator-gf,1,1
400,manipulator-gf,1,1
400,manipulator-gf,1,1
400,manipulator-gf,1,1
400,manipulator-gf,1,1
400,manipulator-gf,1,1
400,manipulator-gf,1,1
400,manipulator-gf,1,1
400,manipulator-gf,1,1
400,manipulator-gf,1,1
400,manipulator-gf,1,1
400,manipulator-gf,1,1
400,manipulator-gf,1,1
400,manipulator-gf,1,1
400,manipulator-gf,1,1
400,manipulator-gf,1,1
400,manipulator-gf,1,1
400,manipulator-gf,1,1
400,manipulator-gf,1,1
400,manipulator-gf,1,1
400,manipulator-gf,1,1
400,manipulator-gf,1,1
400,manipulator-gf,1,1
400,manipulator-gf,1,1
400,manipulator-gf,1,1
400,manipulator-gf,1,1
400,manipulator-gf,1,1
400,eeew_simp,1,0
400,eeew_simp,1,0.14699205448354144
400,eeew_simp,1,0.1911323182500536
400,eeew_simp,1,0.15302325581395348
400,eeew_simp,1,0.15990530192318933
400,eeew_simp,1,0.20258326169851662
400,eeew_simp,1,0.1440901884798309
400,eeew_simp,1,0.16586899493361637
400,eeew_simp,1,0.17260972244955222
400,eeew_simp,1,0.20735539763879846
400,eeew_simp,1,0.21216054313099042
400,eeew_simp,1,0.12914839030042208
400,eeew_simp,1,0.16625791364854844
400,eeew_simp,1,0.11009471383469603
400,eeew_simp,1,0.11935110081112399
400,eeew_simp,1,0.2617718869898849
400,eeew_simp,1,0.1821724305893814
400,eeew_simp,1,0
400,eeew_simp,1,0.266240157480315
400,eeew_simp,1,0.08584240871236387
400,eeew_simp,1,0.42780269058295967
400,eeew_simp,1,0.1851063829787234
400,eeew_simp,1,0
400,eeew_simp,1,0
400,eeew_simp,1,0
400,eeew_simp,1,0.4064516129032258
400,eeew_simp,1,0.475
400,eeew_simp,1,0.2835820895522388
400,eeew_simp,1,0
400,eeew_simp,1,0
400,gigawolf,1,1
400,gigawolf,1,0.4350612629594722
400,gigawolf,1,0.4958010790523106
400,gigawolf,1,0.4037629108987271
400,gigawolf,1,0.4143658066071859
400,gigawolf,1,0.4031405644714997
400,gigawolf,1,0.402145473574045
400,gigawolf,1,0.4014508772202936
400,gigawolf,1,0.35032447142558093
400,gigawolf,1,0.39886949165577174
400,gigawolf,1,0.3874093071173363
400,gigawolf,1,0.3229782204963701
400,gigawolf,1,0.3405536160971989
400,gigawolf,1,0.39293456688345396
400,gigawolf,1,0.4298475384512056
400,gigawolf,1,0.45852542796897894
400,gigawolf,1,0.3447591219000524
400,gigawolf,1,0.44052863436123346
400,gigawolf,1,0.4505231037489102
400,gigawolf,1,0.4021634505202365
400,gigawolf,1,0.3273729626078619
400,gigawolf,1,0.2949306379248105
400,gigawolf,1,0.27067843866171004
400,gigawolf,1,0.3476997279248083
400,gigawolf,1,0.38829354313619097
400,gigawolf,1,0.3178122690317812
400,gigawolf,1,0.3212252425627456
400,gigawolf,1,0.39013215859030836
400,gigawolf,1,0.5635708722741433
400,gigawolf,1,0.43032664069523524
400,random,1,0
400,random,1,0.14903115501519756
400,random,1,0.2147093712930012
400,random,1,0.2930001409840688
400,random,1,0.29064378470150964
400,random,1,0.24906370077335885
400,random,1,0.22187955760816724
400,random,1,0.26822383624958734
400,random,1,0.24760289990645462
400,random,1,0.256986301369863
400,random,1,0.19394572599048693
400,random,1,0.26562130377479637
400,random,1,0.21134979702300405
400,random,1,0.25582720397803793
400,random,1,0.2859963237796991
400,random,1,0.22691595378781199
400,random,1,0.17329199424205513
400,random,1,0.1825749167591565
400,random,1,0.09631147540983606
400,random,1,0.38511076764554353
400,random,1,0.1381623071763917
400,random,1,0.19874804381846636
400,random,1,0.2689116642264519
400,random,1,0.4879518072289157
400,random,1,0.2375
400,random,1,0.09604043807919124
400,random,1,0
400,random,1,0.4796084828711256
400,random,1,0
400,random,1,0.7116402116402116
300,S++,1,1
300,S++,1,0.5060281312793035
300,S++,1,0.4540807776101894
300,S++,1,0.3631852018948793
300,S++,1,0.3700518777489568
300,S++,1,0.4222568396456041
300,S++,1,0.3711595517740235
300,S++,1,0.3147718484145398
300,S++,1,0.4322468082749453
300,S++,1,0.37958556713450997
300,S++,1,0.4100003306987665
300,S++,1,0.42569287844620646
300,S++,1,0.3491659035712864
300,S++,1,0.37600349040139613
300,S++,1,0.4594374820625658
300,S++,1,0.33121754183496827
300,S++,1,0.3973919011667811
300,S++,1,0.4245117676514772
300,S++,1,0.4470885040229101
300,S++,1,0.3282370153621068
300,S++,1,0.3878023469306298
300,S++,1,0.33546990038977914
300,S++,1,0.5173924952067926
300,S++,1,0.35230561450897163
300,S++,1,0.5549156725627313
300,S++,1,0.39083206604388443
300,S++,1,0.4651450416010794
300,S++,1,0.5076868495742668
300,S++,1,0.44998786113134254
300,S++,1,0.5571535767883942
300,S,1,0
300,S,1,0.18640970260840672
300,S,1,0.14891602764366182
300,S,1,0.21636845593108017
300,S,1,0.1797582262698542
300,S,1,0.27459167383028366
300,S,1,0.19350147092850295
300,S,1,0.1943044764474497
300,S,1,0.18960364335017435
300,S,1,0.26106967824419347
300,S,1,0.1868143135445504
300,S,1,0.1394080996884735
300,S,1,0.19038041101880193
300,S,1,0.13921425085407516
300,S,1,0.2928855182376309
300,S,1,0.2770926266071897
300,S,1,0.21021021021021022
300,S,1,0.20371900826446282
300,S,1,0
300,S,1,0.263249348392702
300,S,1,0.24649859943977592
300,S,1,0.4301675977653631
300,S,1,0.027472527472527472
300,S,1,0.5604395604395604
300,S,1,0.20522388059701493
300,S,1,0.05150214592274678
300,S,1,0
300,S,1,0
300,S,1,0
300,S,1,0
300,br2,1,0
300,br2,1,0.27929788332472893
300,br2,1,0.14341957255343082
300,br2,1,0.2964636035105834
300,br2,1,0.21885042695803875
300,br2,1,0.28098248386671937
300,br2,1,0.2505552308591467
300,br2,1,0.2603606547636731
300,br2,1,0.1927775902801215
300,br2,1,0.32106708513142407
300,br2,1,0.22610000938174313
300,br2,1,0.25369035358736697
300,br2,1,0.2867054610564011
300,br2,1,0.3191970105153385
300,br2,1,0.3119751166407465
300,br2,1,0.2509637625289129
300,br2,1,0.3274788440044707
300,br2,1,0.168394777265745
300,br2,1,0.28718535469107553
300,br2,1,0.3080368906455863
300,br2,1,0.2035225048923679
300,br2,1,0.4571883711668658
300,br2,1,0.4423326133909287
300,br2,1,0.2803261977573904
300,br2,1,0.311178247734139
300,br2,1,0.14036363636363636
300,br2,1,0
300,br2,1,0.5450980392156862
300,br2,1,0.38235294117647056
300,br2,1,0.293241695303551
300,manipulator-gf,1,1
300,manipulator-gf,1,1
300,manipulator-gf,1,1
300,manipulator-gf,1,1
300,manipulator-gf,1,1
300,manipulator-gf,1,1
300,manipulator-gf,1,1
300,manipulator-gf,1,1
300,manipulator-gf,1,1
300,manipulator-gf,1,1
300,manipulator-gf,1,1
300,manipulator-gf,1,1
300,manipulator-gf,1,1
300,manipulator-gf,1,1
300,manipulator-gf,1,1
300,manipulator-gf,1,1
300,manipulator-gf,1,1
300,manipulator-gf,1,1
300,manipulator-gf,1,1
300,manipulator-gf,1,1
300,manipulator-gf,1,1
300,manipulator-gf,1,1
300,manipulator-gf,1,1
300,manipulator-gf,1,1
300,manipulator-gf,1,1
300,manipulator-gf,1,1
300,manipulator-gf,1,1
300,manipulator-gf,1,1
300,manipulator-gf,1,1
300,manipulator-gf,1,1
300,eeew_simp,1,1
300,eeew_simp,1,0.15440041173443128
300,eeew_simp,1,0.1801065043742868
300,eeew_simp,1,0.20059269015475797
300,eeew_simp,1,0.22216166130702567
300,eeew_simp,1,0.15628164187241997
300,eeew_simp,1,0.22304141114862536
300,eeew_simp,1,0.21180321230935348
300,eeew_simp,1,0.16537721251462428
300,eeew_simp,1,0.11908296943231442
300,eeew_simp,1,0.18009122928575552
300,eeew_simp,1,0.176145817576766
300,eeew_simp,1,0.17802914501171915
300,eeew_simp,1,0.13641349054017
300,eeew_simp,1,0.17445132245357345
300,eeew_simp,1,0.04333050127442651
300,eeew_simp,1,0.5368171021377672
300,eeew_simp,1,0.16829268292682928
300,eeew_simp,1,0.23525377229080932
300,eeew_simp,1,0.01160541586073501
300,eeew_simp,1,0.21268163804491413
300,eeew_simp,1,0.1943231441048035
300,eeew_simp,1,0
300,eeew_simp,1,0.22357723577235772
300,eeew_simp,1,0.8
300,eeew_simp,1,0
300,eeew_simp,1,0
300,eeew_simp,1,0
300,eeew_simp,1,0
300,eeew_simp,1,0
300,gigawolf,1,1
300,gigawolf,1,0.3413509060955519
300,gigawolf,1,0.263332734781828
300,gigawolf,1,0.4035310408492961
300,gigawolf,1,0.399834665197024
300,gigawolf,1,0.32779869443917764
300,gigawolf,1,0.3732138005976637
300,gigawolf,1,0.3550821774099545
300,gigawolf,1,0.344065431177177
300,gigawolf,1,0.404094986031466
300,gigawolf,1,0.42811449192159434
300,gigawolf,1,0.3623155607857337
300,gigawolf,1,0.36022865236746254
300,gigawolf,1,0.3685273913294464
300,gigawolf,1,0.4212938711367208
300,gigawolf,1,0.36527669247709027
300,gigawolf,1,0.3692983785422034
300,gigawolf,1,0.3970823846867358
300,gigawolf,1,0.23765828592402274
300,gigawolf,1,0.23285216525634644
300,gigawolf,1,0.43086150490730646
300,gigawolf,1,0.16008215537030324
300,gigawolf,1,0.2561871090562959
300,gigawolf,1,0.26742770167427704
300,gigawolf,1,0.39227086183310533
300,gigawolf,1,0.3245721271393643
300,gigawolf,1,0.3247445579742337
300,gigawolf,1,0.4193046185781007
300,gigawolf,1,0.43955362678239307
300,gigawolf,1,0.19716850828729282
300,random,1,1
300,random,1,0.2241669471558398
300,random,1,0.1835798539599326
300,random,1,0.2294216153548886
300,random,1,0.22059191747208173
300,random,1,0.21941608454236075
300,random,1,0.28550190479140214
300,random,1,0.20485630859074844
300,random,1,0.2915289615585319
300,random,1,0.1908325900647613
300,random,1,0.16670394060025942
300,random,1,0.3289317025652127
300,random,1,0.24050804863139305
300,random,1,0.21996967036475376
300,random,1,0.36332145684877276
300,random,1,0.314423433444568
300,random,1,0.33249444855662474
300,random,1,0.1448695652173913
300,random,1,0.06652763295099061
300,random,1,0.0883916083916084
300,random,1,0.40703125
300,random,1,0.4295600593178448
300,random,1,0.18702513150204558
300,random,1,0
300,random,1,0.09893048128342247
300,random,1,0.9665211062590975
300,random,1,0.5669172932330827
300,random,1,0.5639097744360902
300,random,1,0.3241042345276873
300,random,1,0
200,S++,1,0
200,S++,1,0.6035767511177347
200,S++,1,0.3311601150527325
200,S++,1,0.3693987699259445
200,S++,1,0.4547482199536759
200,S++,1,0.4846237452848283
200,S++,1,0.365180102915952
200,S++,1,0.3979760077321053
200,S++,1,0.346850580156287
200,S++,1,0.36158156118680757
200,S++,1,0.3646504538211044
200,S++,1,0.4110345871490199
200,S++,1,0.3784573097405944
200,S++,1,0.5122634221707223
200,S++,1,0.3456292622442653
200,S++,1,0.3752191060473269
200,S++,1,0.37748579545454547
200,S++,1,0.44423416603583143
200,S++,1,0.332220367278798
200,S++,1,0.4136856167433576
200,S++,1,0.3800452050371327
200,S++,1,0.3788091068301226
200,S++,1,0.3365104065356934
200,S++,1,0.4399008674101611
200,S++,1,0.3797043010752688
200,S++,1,0.4356412086604806
200,S++,1,0.30253577705247303
200,S++,1,0.40878378378378377
200,S++,1,0.47468731387730795
200,S++,1,0.4304821150855365
200,S,1,1
200,S,1,0.07240487624676764
200,S,1,0.18660907127429804
200,S,1,0.27220902612826603
200,S,1,0.3636614281775572
200,S,1,0.2615542303391726
200,S,1,0.26738805970149254
200,S,1,0.23792648182892084
200,S,1,0.19779389543668782
200,S,1,0.2422581767571329
200,S,1,0.14916237113402062
200,S,1,0.2545454545454545
200,S,1,0.2053207116043741
200,S,1,0.12366826822644662
200,S,1,0.08987380732533087
200,S,1,0
200,S,1,0.08934169278996865
200,S,1,0
200,S,1,0
200,S,1,0
200,S,1,0
200,S,1,0
200,S,1,0
200,S,1,0
200,S,1,0
200,S,1,0
200,S,1,0
200,S,1,0
200,S,1,1
200,S,1,1
200,br2,1,0
200,br2,1,0.09925650557620817
200,br2,1,0.23774242754412725
200,br2,1,0.24408602150537634
200,br2,1,0.24076015727391875
200,br2,1,0.09143029571514785
200,br2,1,0.058107725686256016
200,br2,1,0.28286622363478764
200,br2,1,0.19137491742946117
200,br2,1,0.23938589840788477
200,br2,1,0.1476890756302521
200,br2,1,0.22155059132720106
200,br2,1,0.23702448791005698
200,br2,1,0.2686623012160898
200,br2,1,0.2407314629258517
200,br2,1,0.0215311004784689
200,br2,1,0.19052271617000488
200,br2,1,0.1857813547954393
200,br2,1,0.2654377880184332
200,br2,1,0.4305993690851735
200,br2,1,0
200,br2,1,0.6011904761904762
200,br2,1,0.06320541760722348
200,br2,1,0
200,br2,1,0
200,br2,1,0
200,br2,1,1
200,br2,1,0
200,br2,1,1
200,br2,1,0
200,manipulator-gf,1,1
200,manipulator-gf,1,1
200,manipulator-gf,1,1
200,manipulator-gf,1,1
200,manipulator-gf,1,1
200,manipulator-gf,1,1
200,manipulator-gf,1,1
200,manipulator-gf,1,1
200,manipulator-gf,1,1
200,manipulator-gf,1,1
200,manipulator-gf,1,1
200,manipulator-gf,1,1
200,manipulator-gf,1,1
200,manipulator-gf,1,1
200,manipulator-gf,1,1
200,manipulator-gf,1,1
200,manipulator-gf,1,1
200,manipulator-gf,1,1
200,manipulator-gf,1,1
200,manipulator-gf,1,1
200,manipulator-gf,1,1
200,manipulator-gf,1,1
200,manipulator-gf,1,1
200,manipulator-gf,1,1
200,manipulator-gf,1,1
200,manipulator-gf,1,1
200,manipulator-gf,1,1
200,manipulator-gf,1,1
200,manipulator-gf,1,1
200,manipulator-gf,1,1
200,eeew_simp,1,0
200,eeew_simp,1,0.34157474324838344
200,eeew_simp,1,0.10216652506372133
200,eeew_simp,1,0.165
200,eeew_simp,1,0.1533980582524272
200,eeew_simp,1,0.2189870320528505
200,eeew_simp,1,0.21315313397892943
200,eeew_simp,1,0.22030355357629738
200,eeew_simp,1,0.17720415104212087
200,eeew_simp,1,0.24179669030732862
200,eeew_simp,1,0.23078579117330464
200,eeew_simp,1,0.12448802283728434
200,eeew_simp,1,0.26672077922077925
200,eeew_simp,1,0.11702812969722998
200,eeew_simp,1,0.33447390932420873
200,eeew_simp,1,0.2728978978978979
200,eeew_simp,1,0.08054298642533937
200,eeew_simp,1,0.1032008830022075
200,eeew_simp,1,0.3413953488372093
200,eeew_simp,1,0.16238159675236807
200,eeew_simp,1,0.2785829307568438
200,eeew_simp,1,0
200,eeew_simp,1,0
200,eeew_simp,1,0
200,eeew_simp,1,0
200,eeew_simp,1,0
200,eeew_simp,1,0
200,eeew_simp,1,0
200,eeew_simp,1,0
200,eeew_simp,1,0
200,gigawolf,1,0
200,gigawolf,1,0.5045616818722729
200,gigawolf,1,0.24071807425540595
200,gigawolf,1,0.3243580846634282
200,gigawolf,1,0.4630713918849512
200,gigawolf,1,0.3715277777777778
200,gigawolf,1,0.31555180926003973
200,gigawolf,1,0.4958968347010551
200,gigawolf,1,0.3071542350578295
200,gigawolf,1,0.36001552795031055
200,gigawolf,1,0.34850166481687017
200,gigawolf,1,0.26399340274198535
200,gigawolf,1,0.48304600981847245
200,gigawolf,1,0.3196451204055767
200,gigawolf,1,0.2937482158150157
200,gigawolf,1,0.3840738423028786
200,gigawolf,1,0.187049093788492
200,gigawolf,1,0.1666341843695186
200,gigawolf,1,0.18732782369146006
200,gigawolf,1,0.3132108486439195
200,gigawolf,1,0.5501334349980938
200,gigawolf,1,0.47783039173482567
200,gigawolf,1,0.5393966681674921
200,gigawolf,1,0.3293135435992579
200,gigawolf,1,0
200,gigawolf,1,0.61068281938326
200,gigawolf,1,0.5690515806988353
200,gigawolf,1,0.24930128563443266
200,gigawolf,1,0.4119351100811124
200,gigawolf,1,0.3951612903225806
200,random,1,0
200,random,1,0.12950191570881225
200,random,1,0.3320035460992908
200,random,1,0.33861326957561266
200,random,1,0.23837862115427802
200,random,1,0.29359006006747307
200,random,1,0.2425317533527283
200,random,1,0.14231979209410478
200,random,1,0.30524428507395784
200,random,1,0.33608815426997246
200,random,1,0.17929532108353854
200,random,1,0.2549063089034261
200,random,1,0.19033404406538734
200,random,1,0.3184724382236046
200,random,1,0.4030456852791878
200,random,1,0.2510553762105786
200,random,1,0.30885742509054986
200,random,1,0.1237234878240377
200,random,1,0.1570915619389587
200,random,1,0
200,random,1,0.25519031141868515
200,random,1,0.46107784431137727
200,random,1,0.7566718995290423
200,random,1,0
200,random,1,0.536178107606679
200,random,1,0.5827956989247312
200,random,1,0
200,random,1,0
200,random,1,1
200,random,1,0
100,S++,1,0.5
100,S++,1,0.009933774834437087
100,S++,1,0.8678537956888472
100,S++,1,0.6453731343283582
100,S++,1,0.37338044758539457
100,S++,1,0.3662492885600455
100,S++,1,0.25290628706998813
100,S++,1,0.40194264569842736
100,S++,1,0.21485797523670794
100,S++,1,0.4604012671594509
100,S++,1,0.4231966053748232
100,S++,1,0.2581331711766494
100,S++,1,0.11938296445338699
100,S++,1,0.7039192859914629
100,S++,1,0.3204255319148936
100,S++,1,0.2998236331569665
100,S++,1,0.2297160243407708
100,S++,1,0.38461538461538464
100,S++,1,0.30873493975903615
100,S++,1,0.3120689655172414
100,S++,1,0.14256410256410257
100,S++,1,0.5736526946107784
100,S++,1,0
100,S++,1,0.409288824383164
100,S++,1,0.26644182124789206
100,S++,1,0.26877470355731226
100,S++,1,0.4156479217603912
100,S++,1,0
100,S++,1,0.8141592920353983
100,S++,1,0
100,S,1,0
100,S,1,0.22256568778979907
100,S,1,0.12802148612354522
100,S,1,0.18663136995367308
100,S,1,0.09260450160771704
100,S,1,0.29841082989994117
100,S,1,0.1927645788336933
100,S,1,0
100,S,1,0.1529831718510964
100,S,1,0.07733910221741482
100,S,1,0.21763959390862944
100,S,1,0.09127248500999334
100,S,1,0.33553500660501984
100,S,1,0.09828788839568801
100,S,1,0.16733870967741934
100,S,1,0.20548961424332343
100,S,1,0
100,S,1,0
100,S,1,0.29141716566866266
100,S,1,0
100,S,1,0.6818181818181818
100,S,1,0
100,S,1,0
100,S,1,0.41
100,S,1,0.38235294117647056
100,S,1,0.30357142857142855
100,S,1,0
100,S,1,0
100,S,1,0
100,S,1,1
100,br2,1,0
100,br2,1,0.4394184168012924
100,br2,1,0.636523266022827
100,br2,1,0.0029708853238265003
100,br2,1,0.2673559822747415
100,br2,1,0.3975571315996848
100,br2,1,0.14941740918437285
100,br2,1,0.1781931464174455
100,br2,1,0.31835564053537285
100,br2,1,0.09746460322686862
100,br2,1,0.23182297154899895
100,br2,1,0.25455265241488517
100,br2,1,0.6859587317564168
100,br2,1,0.019535374868004225
100,br2,1,0.4869459623557984
100,br2,1,0
100,br2,1,0.49157054125998223
100,br2,1,0.4244256348246675
100,br2,1,0.2748091603053435
100,br2,1,0
100,br2,1,0.5727788279773157
100,br2,1,0
100,br2,1,0
100,br2,1,0
100,br2,1,0
100,br2,1,0
100,br2,1,0
100,br2,1,0
100,br2,1,0
100,br2,1,0
100,manipulator-gf,1,1
100,manipulator-gf,1,1
100,manipulator-gf,1,1
100,manipulator-gf,1,1
100,manipulator-gf,1,1
100,manipulator-gf,1,1
100,manipulator-gf,1,1
100,manipulator-gf,1,1
100,manipulator-gf,1,1
100,manipulator-gf,1,1
100,manipulator-gf,1,1
100,manipulator-gf,1,1
100,manipulator-gf,1,1
100,manipulator-gf,1,1
100,manipulator-gf,1,1
100,manipulator-gf,1,1
100,manipulator-gf,1,1
100,manipulator-gf,1,1
100,manipulator-gf,1,1
100,manipulator-gf,1,1
100,manipulator-gf,1,1
100,manipulator-gf,1,1
100,manipulator-gf,1,1
100,manipulator-gf,1,1
100,manipulator-gf,1,1
100,manipulator-gf,1,1
100,manipulator-gf,1,1
100,manipulator-gf,1,1
100,manipulator-gf,1,1
100,manipulator-gf,1,1
100,eeew_simp,1,0
100,eeew_simp,1,0.27056962025316456
100,eeew_simp,1,0
100,eeew_simp,1,0.3746630727762803
100,eeew_simp,1,0.10024301336573511
100,eeew_simp,1,0.20442930153321975
100,eeew_simp,1,0.09394453876627051
100,eeew_simp,1,0.310576385002798
100,eeew_simp,1,0.4868020304568528
100,eeew_simp,1,0.23412204234122042
100,eeew_simp,1,0.2724877681595785
100,eeew_simp,1,0.17419601837672283
100,eeew_simp,1,0.15063291139240506
100,eeew_simp,1,0.16339242932438908
100,eeew_simp,1,0.19963811821471653
100,eeew_simp,1,0.13735849056603774
100,eeew_simp,1,0.18365180467091294
100,eeew_simp,1,0
100,eeew_simp,1,0
100,eeew_simp,1,1
100,eeew_simp,1,0
100,eeew_simp,1,0
100,eeew_simp,1,0.22807017543859648
100,eeew_simp,1,0.028037383177570093
100,eeew_simp,1,0.32051282051282054
100,eeew_simp,1,1
100,eeew_simp,1,0
100,eeew_simp,1,0
100,eeew_simp,1,0
100,eeew_simp,1,0.4146341463414634
100,gigawolf,1,0
100,gigawolf,1,0.3
100,gigawolf,1,0.32393084622383983
100,gigawolf,1,0.19474695707879563
100,gigawolf,1,0.35228539576365664
100,gigawolf,1,0.5165416850463167
100,gigawolf,1,0.5623545061523113
100,gigawolf,1,0.4690220174091142
100,gigawolf,1,0.5408062930186824
100,gigawolf,1,0.3343231873298688
100,gigawolf,1,0.4220443985544657
100,gigawolf,1,0.6820953436807096
100,gigawolf,1,0.3530109759715218
100,gigawolf,1,0.4134645919339473
100,gigawolf,1,0.5392388009430785
100,gigawolf,1,0.5231465367211974
100,gigawolf,1,0.4183710082526014
100,gigawolf,1,0.2922102124487514
100,gigawolf,1,0.2866141732283465
100,gigawolf,1,0.13107390771743568
100,gigawolf,1,0.30772626931567326
100,gigawolf,1,0.5091592296852983
100,gigawolf,1,0.4794794794794795
100,gigawolf,1,0.4163113006396588
100,gigawolf,1,0.6230910201588271
100,gigawolf,1,0.2116741500962155
100,gigawolf,1,0.4185733512786003
100,gigawolf,1,0.6875
100,gigawolf,1,0
100,gigawolf,1,0.4908026755852843
100,random,1,1
100,random,1,0
100,random,1,0
100,random,1,0.4186991869918699
100,random,1,0.8225806451612904
100,random,1,0.15119485294117646
100,random,1,0.23365172667156503
100,random,1,0.4877892030848329
100,random,1,0.09351879254217224
100,random,1,0.3553822152886115
100,random,1,0
100,random,1,0.4164167916041979
100,random,1,0.3081906524757057
100,random,1,0
100,random,1,0.7790368271954674
100,random,1,0.22285251215559157
100,random,1,0
100,random,1,0
100,random,1,0.012152777777777778
100,random,1,0
100,random,1,0
100,random,1,0
100,random,1,0
100,random,1,0
100,random,1,0
100,random,1,0
100,random,1,0
100,random,1,0
100,random,1,0
100,random,1,0
50,S++,1,0
50,S++,1,0.2781065088757396
50,S++,1,1
50,S++,1,0.04702970297029703
50,S++,1,0.657314629258517
50,S++,1,0.23202614379084968
50,S++,1,0.76049766718507
50,S++,1,0.8211180124223603
50,S++,1,0.15392254220456802
50,S++,1,0.2804642166344294
50,S++,1,0.6650485436893204
50,S++,1,0.4985014985014985
50,S++,1,0.5054617676266137
50,S++,1,0.2932098765432099
50,S++,1,0.1793020457280385
50,S++,1,0.35195530726256985
50,S++,1,0.021021021021021023
50,S++,1,0.15265866209262435
50,S++,1,0.6041666666666666
50,S++,1,0.4044943820224719
50,S++,1,0.4528301886792453
50,S++,1,0.07444168734491315
50,S++,1,0.358600583090379
50,S++,1,0
50,S++,1,0.5
50,S++,1,0.5989847715736041
50,S++,1,0.583756345177665
50,S++,1,0.2131979695431472
50,S++,1,0
50,S++,1,0.7077922077922078
50,S,1,0
50,S,1,0.07534246575342465
50,S,1,0.30223880597014924
50,S,1,0.4027027027027027
50,S,1,0
50,S,1,0.38064516129032255
50,S,1,0.3400900900900901
50,S,1,0
50,S,1,0.2962962962962963
50,S,1,0
50,S,1,0
50,S,1,0
50,S,1,0
50,S,1,0.70625
50,S,1,0.12745098039215685
50,S,1,0.27419354838709675
50,S,1,0
50,S,1,0.1134020618556701
50,S,1,0.9117647058823529
50,S,1,0
50,S,1,0
50,S,1,1
50,S,1,0.8931297709923665
50,S,1,0
50,S,1,0
50,S,1,0
50,S,1,0
50,S,1,0
50,S,1,0
50,S,1,0
50,br2,1,0
50,br2,1,0.6024096385542169
50,br2,1,0.36879432624113473
50,br2,1,0
50,br2,1,0
50,br2,1,0.40585774058577406
50,br2,1,0.012165450121654502
50,br2,1,0
50,br2,1,0
50,br2,1,0
50,br2,1,0
50,br2,1,0.2631578947368421
50,br2,1,1
50,br2,1,0
50,br2,1,0
50,br2,1,0
50,br2,1,0.668918918918919
50,br2,1,0
50,br2,1,0.7549857549857549
50,br2,1,0.3994708994708995
50,br2,1,1
50,br2,1,0.6195121951219512
50,br2,1,0.04018912529550828
50,br2,1,0.405152224824356
50,br2,1,0
50,br2,1,0
50,br2,1,0
50,br2,1,0
50,br2,1,0
50,br2,1,0
50,manipulator-gf,1,1
50,manipulator-gf,1,1
50,manipulator-gf,1,1
50,manipulator-gf,1,1
50,manipulator-gf,1,1
50,manipulator-gf,1,1
50,manipulator-gf,1,1
50,manipulator-gf,1,1
50,manipulator-gf,1,1
50,manipulator-gf,1,1
50,manipulator-gf,1,1
50,manipulator-gf,1,1
50,manipulator-gf,1,1
50,manipulator-gf,1,1
50,manipulator-gf,1,1
50,manipulator-gf,1,1
50,manipulator-gf,1,1
50,manipulator-gf,1,1
50,manipulator-gf,1,1
50,manipulator-gf,1,1
50,manipulator-gf,1,1
50,manipulator-gf,1,1
50,manipulator-gf,1,1
50,manipulator-gf,1,1
50,manipulator-gf,1,1
50,manipulator-gf,1,1
50,manipulator-gf,1,1
50,manipulator-gf,1,1
50,manipulator-gf,1,1
50,manipulator-gf,1,1
50,eeew_simp,1,1
50,eeew_simp,1,0.4230769230769231
50,eeew_simp,1,0.5848375451263538
50,eeew_simp,1,0.38337801608579086
50,eeew_simp,1,0
50,eeew_simp,1,0
50,eeew_simp,1,0
50,eeew_simp,1,0
50,eeew_simp,1,0
50,eeew_simp,1,0
50,eeew_simp,1,0
50,eeew_simp,1,0
50,eeew_simp,1,0
50,eeew_simp,1,0
50,eeew_simp,1,0
50,eeew_simp,1,1
50,eeew_simp,1,0
50,eeew_simp,1,0
50,eeew_simp,1,0
50,eeew_simp,1,0
50,eeew_simp,1,0
50,eeew_simp,1,1
50,eeew_simp,1,0.5825242718446602
50,eeew_simp,1,0.5401459854014599
50,eeew_simp,1,0.24431818181818182
50,eeew_simp,1,0
50,eeew_simp,1,0
50,eeew_simp,1,0
50,eeew_simp,1,0
50,eeew_simp,1,0
50,gigawolf,1,1
50,gigawolf,1,1
50,gigawolf,1,0.2222222222222222
50,gigawolf,1,0.7587131367292225
50,gigawolf,1,0.12653061224489795
50,gigawolf,1,0.7671691792294807
50,gigawolf,1,0.3734265734265734
50,gigawolf,1,0.9252336448598131
50,gigawolf,1,0.6613207547169812
50,gigawolf,1,0.5418118466898955
50,gigawolf,1,0.6123499142367067
50,gigawolf,1,0.1703056768558952
50,gigawolf,1,0.4863436123348018
50,gigawolf,1,0.6070484581497797
50,gigawolf,1,0.5423728813559322
50,gigawolf,1,0.4064327485380117
50,gigawolf,1,0.37029501525940994
50,gigawolf,1,0.3125649013499481
50,gigawolf,1,0.02598752598752599
50,gigawolf,1,0.33770883054892603
50,gigawolf,1,0.6504854368932039
50,gigawolf,1,0.1936
50,gigawolf,1,0.19476268412438624
50,gigawolf,1,0.11917098445595854
50,gigawolf,1,0
50,gigawolf,1,0.1527777777777778
50,gigawolf,1,1
50,gigawolf,1,0.18711656441717792
50,gigawolf,1,1
50,gigawolf,1,1
50,random,1,0
50,random,1,0
50,random,1,0
50,random,1,0
50,random,1,0
50,random,1,0.5429553264604811
50,random,1,0.11854103343465046
50,random,1,0
50,random,1,0
50,random,1,0
50,random,1,0
50,random,1,0
50,random,1,0
50,random,1,0
50,random,1,0
50,random,1,0
50,random,1,0
50,random,1,0
50,random,1,0
50,random,1,0
50,random,1,0
50,random,1,0
50,random,1,0
50,random,1,0
50,random,1,0
50,random,1,0
50,random,1,0
50,random,1,0
50,random,1,0
50,random,1,0.05
